first_name,last_name,email
Jule,Agronski,jagronski0@cnn.com
Ansell,Bratton,abratton1@seattletimes.com
Wilfred,Eckly,weckly2@sakura.ne.jp
Jodie,Doncaster,jdoncaster3@forbes.com
Jereme,Americi,jamerici4@berkeley.edu
Worthy,Punter,wpunter5@oaic.gov.au
Tiffi,Gallandre,tgallandre6@webs.com
Katuscha,Halshaw,khalshaw7@1und1.de
Brnaby,Oughton,boughton8@mtv.com
Clerissa,Robiou,crobiou9@sina.com.cn
Ronald,Dirand,rdiranda@bing.com
Appolonia,Heaslip,aheaslipb@e-recht24.de
Birgit,Kemm,bkemmc@chronoengine.com
Boot,Dilston,bdilstond@loc.gov
Cori,Missenden,cmissendene@un.org
Derrek,Balchin,dbalchinf@globo.com
Ediva,Caren,ecareng@cloudflare.com
Cammy,Sleeford,csleefordh@fema.gov
Daphna,Eivers,deiversi@mysql.com
Delmore,Strang,dstrangj@last.fm
